Peak Brightness Date/Time (UT),Latitude (deg.),Longitude (deg.),Altitude (km),Velocity (km/s),vx,vy,vz,Total Radiated Energy (J),Calculated Total Impact Energy (kt)
10/21/2021 10:32,5.15N,51.4E,29,15.3,-13.6,-6.8,-1.7,3.70E+10,0.13
10/20/2021 8:41,13.8N,140.4W,28,,,,,6.00E+10,0.19
10/20/2021 0:43,59.0N,154.3E,31.4,27.5,12.9,4.2,-23.9,2.00E+10,0.073
9/29/2021 10:50,53.9N,148.0W,28,21.2,-3.5,-9,-18.9,1.37E+11,0.4
9/6/2021 17:55,2.1S,111.8W,26,13.6,-4.4,6.9,10.9,3.10E+10,0.11
7/30/2021 8:06,7.8S,90.1E,63,,,,,1.46E+11,0.42
7/29/2021 13:19,42.4N,98.4E,26.4,14.7,-1.6,-11.9,-8.4,3.70E+10,0.13
7/5/2021 3:46,44.3N,164.2W,43.4,15.7,0.7,15.7,-0.5,7.40E+11,1.8
6/9/2021 5:43,17.9S,55.3W,,,,,,2.30E+10,0.082
5/16/2021 15:51,52.1S,171.2W,37,,,,,3.80E+10,0.13
5/6/2021 5:54,34.7S,141.0E,31,26.6,9.6,-24.4,-4.6,2.10E+10,0.076
5/2/2021 14:12,12.3N,43.4W,,,,,,2.50E+10,0.089
4/13/2021 2:16,26.8N,79.1W,44.4,14.1,-2.8,12.6,5.6,2.10E+10,0.076
4/2/2021 15:52,71.2N,106.7E,40,14.1,-8.9,6.3,-9,1.37E+11,0.4
3/6/2021 8:43,48.6S,90.4E,31.1,18.1,12.7,-4.7,12,1.41E+11,0.41
3/5/2021 13:50,81.1S,141.1E,32.5,23.3,10.1,-8.4,19.2,3.90E+10,0.13
2/28/2021 3:47,9.2N,64.1W,,,,,,2.80E+10,0.098
2/9/2021 23:27,75.8N,92.8W,31,13.1,-5.2,6.3,-10.3,3.00E+10,0.1
2/2/2021 10:03,48.7N,80.1E,20,12.8,4,-6.7,-10.1,3.10E+10,0.11
1/31/2021 2:59,5.3N,115.2E,39.4,15.2,14,-5.8,1.7,2.67E+11,0.72
1/29/2021 16:12,38.8N,51.3W,30,14.3,-14.2,1.9,-0.6,7.70E+10,0.24
1/25/2021 3:01,38.5N,47.6W,19.1,,,,,7.50E+10,0.23
1/24/2021 7:33,45.0S,95.5E,37.5,19.2,13.3,-3.7,13.3,6.10E+10,0.2
12/29/2020 20:32,14.9N,158.2W,33,14.4,-3,10.2,-9.7,4.90E+10,0.16
12/28/2020 17:27,36.8N,54.7W,28.3,15.2,1.5,3.5,-14.7,5.70E+10,0.18
12/22/2020 23:23,31.9N,96.2E,35.5,13.6,-2.6,5.9,-12.1,4.90E+12,9.5
11/28/2020 16:34,33.3N,135.1E,28.1,19.6,1.8,-16.5,-10.4,2.60E+10,0.092
11/25/2020 12:20,30.5S,81.0W,,,,,,2.10E+10,0.076
11/7/2020 21:27,59.8N,16.8E,22.3,16.7,-10.8,1.2,-12.7,1.11E+11,0.33
10/26/2020 15:09,5.9S,160.4E,28.5,17.6,10.9,-13.8,-0.1,1.14E+11,0.34
10/23/2020 20:51,30.0N,71.9W,48,,,,,8.00E+10,0.25
10/22/2020 17:39,22.0N,133.5W,40,17.6,-9.4,14.1,-4.9,4.40E+10,0.15
10/21/2020 18:57,12.9N,150.2W,,,,,,2.20E+10,0.079
10/21/2020 6:38,29.7S,93.9W,39,,,,,2.70E+10,0.095
10/19/2020 7:05,48.6N,93.9E,40.7,,,,,2.10E+10,0.076
10/18/2020 10:52,11.4S,135.8W,36,16.4,15.6,1.5,4.9,3.60E+10,0.12
9/18/2020 8:05,2.4N,169.7W,46,11.7,10.2,2.9,-4.9,4.10E+10,0.14
8/30/2020 16:08,26.0N,133.5E,27.8,23.4,7.8,-21.7,3.7,6.40E+10,0.2
8/2/2020 16:36,35.1S,34.2W,38,11.1,0.5,6,9.3,7.40E+10,0.23
7/22/2020 2:55,20.0S,103.8W,36,,,,,2.20E+10,0.079
7/20/2020 21:25,51.8S,11.2W,31.6,14.1,-2.9,-1,-13.8,5.00E+10,0.16
7/12/2020 7:50,48.7S,74.0E,29.4,18.3,-5,-13,-11.9,7.50E+10,0.23
5/27/2020 17:30,40.8N,41.7E,29.3,14.9,-6,-7.3,-11.5,5.70E+10,0.18
5/18/2020 1:11,38.7S,77.2E,25,,,,,1.62E+11,0.46
5/12/2020 23:22,15.9N,174.2E,,,,,,8.30E+10,0.26
5/9/2020 9:37,7.2N,44.2W,52.5,,,,,4.10E+10,0.14
5/9/2020 2:56,44.8N,131.0W,31.2,14.5,-13,-4,-5,4.10E+10,0.14
4/28/2020 5:43,20.1N,109.4W,,,,,,2.10E+10,0.076
4/18/2020 13:08,12.5N,49.8W,,,,,,2.70E+10,0.095
4/14/2020 11:11,65.6S,45.6W,,,,,,2.00E+10,0.073
3/26/2020 23:27,38.3S,23.5E,26.5,20.7,-10,3.2,17.8,1.24E+11,0.37
3/23/2020 16:51,24.4S,67.9W,25,,,,,1.33E+11,0.39
3/4/2020 20:25,53.3S,90.8E,24.3,19.8,-5.2,2.2,19,3.94E+11,1
2/28/2020 9:30,45.7N,15.1E,34.5,21.5,-18.2,-11.3,-2.1,1.15E+11,0.34
2/24/2020 22:21,3.6N,96.0W,,,,,,2.00E+10,0.073
2/10/2020 23:48,28.2N,76.7E,41.7,31.7,-27.8,-14.3,-5.2,2.70E+10,0.095
1/27/2020 5:39,30.4N,1.5E,32.5,19.8,-2,-16.6,-10.6,4.40E+10,0.15
1/24/2020 11:13,28.0N,35.8W,32,21.2,-18.6,-9,-4.7,2.60E+10,0.092
1/21/2020 20:07,33.1N,34.3E,43.3,27.4,-7.5,-23.5,-11.9,2.80E+10,0.098
1/17/2020 21:29,19.4N,66.0W,14.5,15.5,-13.2,8.1,1.2,9.70E+10,0.29
1/16/2020 9:31,71.7S,116.4W,27.8,12.9,9.8,-4.5,7,5.90E+10,0.19
1/15/2020 6:31,23.7S,125.2W,31.5,,,,,1.96E+11,0.55
1/6/2020 11:03,70.4S,17.5W,,,,,,4.50E+10,0.15
12/21/2019 14:30,56.5N,147.6W,35.5,22.2,14.9,-8.1,-14.3,6.50E+10,0.21
12/11/2019 1:19,47.7N,161.7E,37,17.8,13.7,-10.9,-3.3,3.90E+10,0.13
12/6/2019 10:19,3.3S,37.7W,19.5,,,,,4.60E+10,0.15
12/3/2019 6:46,5.6N,52.2W,61.5,,,,,4.20E+10,0.14
11/28/2019 20:30,35.7N,31.7W,35,13,-11.6,-2.5,-5.4,2.70E+10,0.095
11/28/2019 11:55,22.1S,25.7E,22.5,24.7,-22.8,-5.5,7.6,2.50E+10,0.089
11/5/2019 11:24,10.4S,143.3W,38,27.4,5.2,12.3,23.9,1.10E+11,0.33
10/22/2019 22:21,12.0N,76.0W,40.7,,,,,2.70E+10,0.095
10/10/2019 16:16,44.3N,122.9E,47.3,14.1,1.5,-12.9,-5.4,2.06E+11,0.57
9/28/2019 10:40,12.5S,107.2W,52,20.4,-10.1,11.2,13.7,2.30E+10,0.082
9/27/2019 13:35,25.7N,28.4W,,,,,,3.40E+10,0.12
9/14/2019 12:39,38.6S,33.5W,38,15.9,-12.9,8.1,4.6,1.09E+11,0.33
9/13/2019 2:02,18.6S,126.9E,27.4,13.5,5.2,-8.1,9.5,4.20E+10,0.14
9/12/2019 12:49,54.5N,9.2E,42,18.5,-18.1,-0.4,3.7,1.69E+11,0.48
9/12/2019 2:34,24.9N,47.8W,30.6,17.2,-11.7,11.7,4.6,5.90E+10,0.19
8/24/2019 12:02,21.9N,130.4W,39.8,13.4,11.1,-5.2,5.4,4.00E+10,0.13
8/22/2019 21:47,24.4S,92.9W,30.2,,,,,2.00E+10,0.073
8/16/2019 20:36,38.9N,7.0E,36,14.9,-3.9,4,-13.8,2.50E+10,0.089
7/23/2019 20:42,44.6N,147.6W,30.6,16.1,1.5,15.1,-5.5,2.55E+11,0.69
6/30/2019 16:52,21.2N,129.5W,59,42.3,25.2,31.2,-13.3,3.20E+10,0.11
6/30/2019 8:11,2.5S,168.7E,,,,,,2.10E+10,0.076
6/22/2019 21:25,14.9N,66.2W,25,14.9,-13.4,6,2.5,2.95E+12,6
6/20/2019 6:07,7.3N,67.6W,37,,,,,2.80E+10,0.098
5/26/2019 10:07,56.6N,25.3W,24.4,17.5,3.8,-5.8,16.1,4.20E+10,0.14
5/25/2019 6:44,19.2S,89.4E,29.2,15.8,0.2,-15.7,2.1,4.90E+10,0.16
5/22/2019 15:16,10.8N,37.3W,32.6,,,,,9.50E+10,0.29
5/21/2019 13:21,38.8S,137.5E,31.5,11.5,4.4,-8.5,6.4,6.56E+11,1.6
5/19/2019 14:47,23.6S,132.8E,33.3,15.2,7.3,-12.2,5.3,3.30E+10,0.11
5/12/2019 22:41,6.2N,57.1W,,,,,,2.10E+10,0.076
5/4/2019 15:35,28.4N,88.3W,26.5,,,,,2.20E+10,0.079
4/22/2019 21:42,48.8S,67.8E,33.3,11.4,3.4,-4.2,10,1.24E+11,0.37
4/14/2019 17:54,18.3N,74.6W,30.6,15.9,-2.5,5.9,-14.6,2.90E+10,0.1
4/6/2019 11:59,56.5N,94.9E,41.5,18.1,6.2,11.1,-12.9,7.00E+10,0.22
4/4/2019 22:19,35.3N,93.9W,,,,,,2.80E+10,0.098
3/27/2019 12:50,41.8S,7.4W,,,,,,2.20E+10,0.079
3/19/2019 2:06,24.0S,140.3E,28.7,16.2,10.2,0.4,12.6,2.00E+10,0.073
3/15/2019 12:26,63.7N,95.7E,31.5,14.4,5.4,-13.2,1.7,4.60E+10,0.15
2/18/2019 10:00,15.5S,25.3E,26,20.8,-16.6,-12.6,0.6,1.96E+12,4.2
2/1/2019 18:17,22.5N,83.8W,23.7,16.3,-2.4,13.6,8.7,5.79E+11,1.4
1/22/2019 9:18,18.0N,6.5E,42.5,11.6,-8.6,-5.9,5,3.60E+10,0.12
12/23/2018 23:38,47.5S,174.4W,31.8,16.5,9.9,7.6,10.8,8.90E+10,0.27
12/18/2018 23:48,56.9N,172.4E,26,13.6,6.3,-3,-31.2,3.13E+13,49
11/20/2018 17:30,25.3N,6.7W,27.4,17.4,-10.1,13.9,3,4.22E+11,1.1
11/17/2018 21:48,47.3N,172.9W,32.5,19.1,7.6,17.3,-2.7,2.20E+11,0.61
11/15/2018 8:02,42N,57W,,,,,,2.00E+10,0.073
11/14/2018 4:03,37.6S,83.5E,37,,,,,3.80E+10,0.13
10/24/2018 21:19,6.7S,148.6W,33.3,,,,,4.70E+10,0.16
10/5/2018 0:27,39.8S,31.7W,31.5,14.7,-13.2,-6.5,-0.4,3.80E+10,0.13
9/25/2018 14:10,23.5S,56.8E,33,16.5,-16.2,2.8,0.6,8.06E+11,1.9
9/25/2018 0:16,34.3S,44.9E,40.7,12.5,-11,2.5,-5.5,5.30E+10,0.17
9/20/2018 18:29,67.3S,75.1E,,11.1,-5.6,-7.9,5.5,8.30E+10,0.26
9/17/2018 1:08,6.8S,27.8W,,,,,,1.50E+11,0.43
9/13/2018 0:51,42.5N,50.1W,,,,,,4.20E+10,0.14
8/27/2018 4:36,1.7S,141.4E,33,16.1,9.8,-9.6,-8.4,2.40E+10,0.086
8/21/2018 12:26,39.2S,162.9W,37,,,,,2.20E+10,0.079
7/27/2018 9:35,58.8S,105.8E,32,,,,,1.05E+11,0.32
7/25/2018 21:55,76.9N,69.0W,43.3,24.4,20.4,12.9,-3.8,8.77E+11,2.1
7/17/2018 15:17,82.5N,136.7W,,,,,,2.11E+11,0.59
6/26/2018 17:51,32.0N,12.1E,63,14.1,-10,-1,-9.9,2.90E+10,0.1
6/21/2018 1:16,52.8N,38.1E,27.2,14.4,-8.9,-4.3,-10.5,1.22E+12,2.8
6/2/2018 16:44,21.2S,23.3E,28.7,16.9,0.9,-16.4,3.9,3.75E+11,0.98
5/12/2018 3:26,6.5S,173.7E,34,,,,,1.93E+11,0.54
5/8/2018 2:27,32N,60.7W,,,,,,7.30E+10,0.23
5/3/2018 7:23,46.9N,7.5W,39,11.5,1.3,-2.1,-11.2,3.80E+10,0.13
4/30/2018 13:17,45.5S,1.4W,34,13.1,8.7,-9.5,2.5,3.00E+10,0.1
4/21/2018 12:06,59.0S,45.8E,28.2,14.6,7.1,-4.6,11.9,3.60E+10,0.12
4/19/2018 14:02,7.5N,3.6E,30,20.9,-9.1,-2.5,18.6,7.20E+10,0.23
4/19/2018 13:39,22.2S,72.6E,31.5,10.9,-5.9,-9.1,1.4,5.12E+11,1.3
4/7/2018 3:05,72.4N,78.7W,31.5,,,,,8.60E+10,0.27
2/21/2018 1:28,13.5S,37.1W,31.5,13.1,-0.9,13.1,-0.4,7.10E+10,0.22
2/15/2018 13:38,43.8S,1.1W,50.7,,,,,2.70E+10,0.095
2/12/2018 2:15,15.9S,58.9W,,,,,,3.90E+10,0.13
2/8/2018 22:21,42.9N,179.7E,43.5,,,,,2.59E+11,0.7
2/1/2018 12:21,19.4S,104.3E,37,16.5,8.1,-8.4,-11.7,1.90E+11,0.53
1/22/2018 22:06,14.0N,17.4W,,,,,,3.20E+10,0.11
1/15/2018 2:18,52.0S,57.2E,43.6,23.7,18.6,-12.1,8.4,1.99E+11,0.56
1/6/2018 21:24,55.8N,52.5E,26,21,0.8,2.2,-20.9,2.80E+10,0.098
1/6/2018 18:24,39.5S,12.8E,26,,,,,3.60E+10,0.12
12/31/2017 9:36,63.5S,101.3W,64.5,,,,,4.40E+10,0.15
12/29/2017 12:47,14.6N,49.5W,38,,,,,1.10E+11,0.33
12/15/2017 13:14,60.2N,170.0E,20,31.4,27.8,-4.7,-13.9,3.11E+12,6.4
11/19/2017 4:17,24.2S,135.0E,33.3,11.4,6.7,-3.4,8.6,2.80E+10,0.098
10/26/2017 22:05,21.3S,177.6E,42.5,,,,,5.58E+11,1.4
10/23/2017 15:31,28.8N,44.6E,35.4,16.7,-5.7,-10.7,-11.5,2.40E+10,0.086
10/15/2017 4:33,65.2S,128.2E,24.1,15.9,9.5,-8.3,9.7,3.30E+10,0.11
10/9/2017 12:51,18.3S,64.1W,,,,,,3.00E+10,0.1
10/4/2017 12:07,28.1N,99.4E,37,14.6,-8.5,-9,7.8,1.92E+11,0.54
9/5/2017 5:11,49.3N,116.9W,36,14.7,12.7,-6.1,-4.2,3.80E+10,0.13
7/31/2017 22:01,24.7N,118.5W,,,,,,5.80E+10,0.19
7/23/2017 6:12,6.6S,69.7W,38,17.2,-0.4,8.7,-14.8,3.50E+10,0.12
7/13/2017 9:30,23.1N,60.7E,35,13.7,-10,-6.5,-6.8,7.30E+10,0.23
6/30/2017 14:26,34.3S,134.5E,20,15.2,10.9,-9.7,4.2,9.40E+10,0.29
6/23/2017 20:21,57.0N,143.7E,35.1,24.3,17.7,13.1,-10.3,1.84E+11,0.52
6/20/2017 13:41,54.2S,133.0E,33.3,13.6,8.7,-5.7,8.8,6.36E+11,1.6
5/24/2017 7:03,9.1S,101.8E,46,18.4,-6.5,-16.5,-5,9.00E+10,0.28
5/22/2017 17:44,49.6S,157.6W,33,,,,,3.50E+10,0.12
5/14/2017 9:30,26.0S,32.4E,33,,,,,3.50E+10,0.12
4/30/2017 21:28,25.7S,56.2E,32.4,21.5,-13.4,-14.2,8.9,1.50E+11,0.43
3/11/2017 4:51,28.3N,60.2W,28,,,,,1.26E+12,2.9
3/9/2017 4:16,40.5N,18.0W,23,36.5,-15.3,25.8,-20.8,4.00E+11,1
3/8/2017 22:21,26.1S,174.9E,37,,,,,7.20E+10,0.23
2/25/2017 1:22,29.5N,13.5E,25.4,12.2,-7.6,-9.3,2.2,6.50E+10,0.21
2/22/2017 18:47,50.7S,66.0W,,,,,,3.80E+10,0.13
2/18/2017 19:48,6.2N,60.4E,38,24.2,-6.6,-22.7,-5.3,2.95E+11,0.79
2/7/2017 17:37,27.4S,14.8W,54,,,,,2.00E+10,0.073
2/6/2017 6:09,10.4N,131.6E,33.5,,,,,6.60E+10,0.21
12/23/2016 3:29,21.3N,49.3E,42,29.7,-22.4,16.4,-10.5,3.80E+10,0.13
12/7/2016 4:51,34.5S,126.6W,,,,,,1.17E+11,0.35
11/29/2016 8:05,30.6S,93.1W,,,,,,3.10E+10,0.11
11/24/2016 14:10,15.2S,80.3E,30.6,17.4,9.1,-11.2,9.7,1.38E+11,0.4
11/3/2016 17:14,39.6S,16.3W,37,,,,,7.60E+10,0.24
10/1/2016 20:23,36.2N,6.7E,27.8,14.2,-10,3.9,-9.3,3.10E+10,0.11
9/22/2016 4:57,51.8S,178.5E,40,17.5,-2.5,-3.3,17,7.10E+10,0.22
9/14/2016 15:01,3.5S,44.6E,54,18.3,3.5,-16.2,7.7,7.60E+10,0.24
8/27/2016 21:45,56.9S,162.2E,42,,,,,1.42E+11,0.41
8/11/2016 5:59,43.7S,53.8E,34.3,14.9,-0.7,-11.4,9.6,1.84E+11,0.52
8/5/2016 18:02,46.4N,171.6E,32.4,,,,,1.21E+11,0.36
7/21/2016 0:48,7.8N,1.6W,37,,,,,4.50E+10,0.15
7/5/2016 1:24,1.0N,48.6E,38.2,25.1,-10.3,-2,-22.8,1.53E+11,0.44
6/27/2016 10:02,15.8N,11.9W,33.3,29.1,-29.1,1.5,0.7,4.58E+11,1.2
6/5/2016 6:12,17.4S,138.3E,28.7,14.5,6,-11.9,5.7,3.31E+11,0.87
6/2/2016 10:56,33.8N,110.9W,,,,,,1.72E+11,0.49
5/29/2016 12:14,10.2N,48.8W,32,,,,,6.90E+10,0.22
5/20/2016 11:59,32.8S,15.1E,30.6,20.8,5.4,-9.9,17.5,2.00E+10,0.073
5/16/2016 10:09,3.2N,6.6E,41.7,12.2,-6.7,-3.3,-9.6,5.19E+11,1.3
5/13/2016 0:34,26.2N,122.3W,33,,,,,1.01E+11,0.31
4/24/2016 5:39,9.8N,42.8W,50,,,,,1.46E+11,0.42
4/18/2016 11:59,20.7N,14.5W,31.5,17.1,-3.5,2.2,-16.6,2.24E+11,0.62
4/12/2016 9:51,38.3N,162.2E,,,,,,2.00E+10,0.073
4/10/2016 14:57,22.0N,149.0E,35.2,15.1,4.7,-12.9,-6.4,6.55E+11,1.6
3/16/2016 23:54,49.2S,6.3W,42,13.3,-7.6,9.1,6,3.20E+10,0.11
3/3/2016 1:32,48.0S,51.0E,31.8,11.7,4.8,-7.1,7.9,5.80E+10,0.19
2/23/2016 3:59,32.3N,67.2E,44,17.9,-8.5,-1.6,-15.7,3.50E+10,0.12
2/21/2016 5:58,36.5N,37.2W,32,,,,,3.69E+11,0.96
2/19/2016 8:15,0.7N,11.6W,39.4,15.5,-14.9,-0.5,4.1,2.02E+11,0.56
2/6/2016 13:55,30.4S,25.5W,31,15.6,2.7,14.5,5,6.85E+12,13
1/27/2016 9:59,45.8S,53.6E,37,11.5,-10,-4.4,3.6,5.00E+10,0.16
1/21/2016 16:44,10.8S,0.7E,42.5,18.1,-3.8,-17.7,-1.2,4.60E+10,0.15
12/30/2015 13:07,33.8N,160.7W,39,,,,,2.20E+10,0.079
12/21/2015 2:32,5.9N,143.0E,42.2,12.1,6.4,-10,2.5,8.30E+10,0.26
12/8/2015 0:34,69.9S,150.5E,38,,,,,1.97E+11,0.55
11/13/2015 14:59,16.0N,124.3E,28,,,,,1.02E+11,0.31
11/2/2015 21:34,41.4S,33.0E,37,,,,,7.80E+10,0.24
10/31/2015 11:34,9.0N,138.0W,71,,,,,9.70E+10,0.29
10/13/2015 12:23,8.0S,52.5W,38.9,12.9,-6.6,3.8,10.4,2.30E+10,0.082
10/11/2015 0:07,55.4S,18.8W,,,,,,3.00E+10,0.1
10/10/2015 9:57,51.0S,21.1W,51.8,11.8,-1.3,-5.1,10.6,3.60E+10,0.12
10/4/2015 21:02,22.0N,171.6W,36.1,,,,,4.40E+10,0.15
9/17/2015 21:03,43.1S,94.9E,,,,,,9.80E+10,0.3
9/14/2015 23:50,5.8N,15.2W,,,,,,7.00E+10,0.22
9/8/2015 13:46,6.3N,29.9E,44.4,16.1,-11.5,-11.3,-0.9,2.00E+10,0.073
9/7/2015 1:41,14.5N,98.9E,29.3,21,16.8,-12,-3.8,1.80E+12,3.9
9/2/2015 20:10,39.1N,40.2E,39.8,24.1,10.3,-12.2,-18,3.70E+10,0.13
7/19/2015 7:06,20.6N,87.6W,22,17.8,9.4,13,7.8,2.30E+10,0.082
7/12/2015 22:23,31.0N,159.6E,41,,,,,2.20E+10,0.079
7/4/2015 1:40,38.6N,103.1E,46.3,49,0.9,-40.4,-27.7,5.60E+10,0.18
6/14/2015 3:03,6.3N,124.1E,32.4,31.9,-4.7,-17.8,-26,7.10E+10,0.22
6/12/2015 17:03,1.3S,32.1W,43.5,,,,,1.76E+11,0.5
6/10/2015 17:43,11.5S,161.9W,61.1,,,,,3.84E+11,1
6/2/2015 8:44,6.4S,142.7W,,,,,,3.80E+11,0.99
5/20/2015 10:20,1.0N,172.6E,32.4,,,,,3.60E+10,0.12
5/18/2015 17:13,32.4N,139.1E,29,,,,,4.30E+10,0.14
5/10/2015 7:45,46.3S,179.3W,29.6,12.2,11.2,0.9,4.7,1.43E+11,0.42
5/7/2015 20:34,21.5S,29.3W,37,17.3,-16.2,-5.8,1.4,5.20E+10,0.17
4/30/2015 10:21,48.7S,139.1E,26.7,12.9,12.2,-4.2,0.9,1.05E+11,0.32
4/21/2015 1:42,37.7N,39.6W,37.4,21.3,-15.3,12.8,7.4,8.80E+10,0.27
4/10/2015 1:14,42.8S,8.2E,,,,,,6.50E+10,0.21
4/8/2015 4:06,25.5S,51.5E,36.3,19.2,8,-15.6,-7.9,1.73E+11,0.49
4/3/2015 1:39,8.4N,157.9W,,,,,,4.20E+10,0.14
3/30/2015 21:33,36.1S,5.5W,33.1,13.8,-13.7,-1.7,0.8,6.40E+10,0.2
3/18/2015 0:04,5.4S,159.3E,50,,,,,1.21E+11,0.36
3/11/2015 6:18,8.0N,119.1E,35.2,19.9,5.5,-10.5,-16,7.20E+10,0.23
3/8/2015 4:26,39.1S,118.6W,,,,,,2.00E+10,0.073
3/4/2015 4:30,15.9S,88.1E,39.8,18,7.8,-16,-2.5,5.50E+10,0.18
2/26/2015 22:06,68.0N,149.0W,33.7,21.1,5.6,-2.3,-20.2,1.88E+11,0.53
2/25/2015 10:53,12.4N,122.4W,42,,,,,5.80E+10,0.19
2/17/2015 13:19,8.0S,11.2W,39,28.8,-28.2,3.4,4.6,3.30E+10,0.11
1/9/2015 17:31,23.3S,49.2W,,,,,,2.20E+10,0.079
1/9/2015 10:41,2.0N,28.8E,36,17.5,-10.7,-7.6,11.6,1.39E+11,0.41
1/7/2015 1:05,45.7N,26.9E,45.5,35.7,-35.4,1.8,-4.4,1.36E+11,0.4
1/2/2015 13:39,31.1S,140.0E,38.1,18.1,4.5,-14.4,-10,2.00E+10,0.073
12/13/2014 2:53,86.7N,162.1W,30.7,21.7,15.3,-13.3,-7.8,4.40E+10,0.15
12/12/2014 6:48,33.5N,144.9E,26.3,12,11.5,-2.8,-2.2,3.30E+10,0.11
12/9/2014 21:19,76.6N,96.3E,26.3,,,,,7.80E+10,0.24
11/28/2014 11:47,45.8S,172.7W,26.1,13.4,0.4,-1.4,13.3,7.00E+11,1.7
11/27/2014 12:12,18.8S,73.4W,38,,,,,5.50E+10,0.18
11/26/2014 23:16,69.5S,179.7W,23.3,25.3,21.3,2.2,13.4,1.18E+11,0.35
11/26/2014 17:40,68.2S,24.0W,37,19.9,-7,16.1,9.4,1.05E+11,0.32
11/4/2014 20:13,43.1N,115.8E,22.2,16,-7.2,-12.1,-7.7,1.56E+11,0.45
10/21/2014 18:55,22.2N,132.9W,,,,,,3.40E+10,0.12
10/17/2014 14:07,4.6S,66.3W,39,,,,,7.20E+10,0.23
10/14/2014 10:25,2.0S,119.2E,27.2,16.9,15,-6.9,-3.5,2.90E+10,0.1
10/6/2014 20:02,43.7S,85.7E,,,,,,3.90E+10,0.13
9/9/2014 18:55,3.2N,137.2E,32.5,,,,,2.80E+10,0.098
9/5/2014 21:37,22.7N,150.0W,,,,,,3.50E+10,0.12
8/29/2014 23:15,6.2S,49.9W,,,,,,2.60E+10,0.092
8/28/2014 3:07,3.2N,45.4W,,,,,,3.40E+10,0.12
8/23/2014 6:29,61.7S,132.6E,22.2,16.2,-2.3,5.7,16.5,3.82E+12,7.6
7/29/2014 7:38,49.2S,172.2W,,,,,,7.30E+10,0.23
7/29/2014 3:07,33.9S,115.9W,,,,,,5.30E+10,0.17
6/28/2014 2:40,18.9N,141.2E,26.3,12.4,12,3.5,-10.5,2.45E+11,0.67
6/26/2014 5:54,71.5S,93.4E,28.5,11.2,7,2.9,8.3,6.10E+10,0.2
5/29/2014 1:12,21.9N,131.1W,28.7,,,,,5.80E+10,0.19
5/16/2014 20:06,39.4S,95.9W,30.8,18,2.9,13.4,-12.5,1.36E+11,0.4
5/16/2014 12:42,44.2S,176.2W,44,16.5,14.4,4.6,6.5,3.09E+11,0.82
5/8/2014 19:42,36.9S,87.3E,35.4,19,-2,-16.1,9.9,1.05E+12,2.4
3/29/2014 13:45,28.7S,121.5E,30.7,16.3,10,-12.7,2.2,3.90E+10,0.13
3/18/2014 11:02,0.0N,111.8W,30.5,,,,,5.40E+11,1.3
3/3/2014 15:00,29.0S,94.9W,,,,,,9.40E+10,0.29
2/18/2014 12:50,32.8S,61.5W,,,,,,2.60E+10,0.092
2/13/2014 6:47,13.3N,110.7W,25,,,,,6.30E+11,1.5
1/15/2014 2:46,18.5S,141.8E,29.6,,,,,1.40E+11,0.41
1/12/2014 16:00,2.9N,64.4E,37,16.2,-5.2,-15.1,2.6,7.80E+10,0.24
1/8/2014 17:05,1.3S,147.6E,18.7,44.8,-3.4,-43.5,-10.3,3.10E+10,0.11
12/23/2013 8:30,39.5N,2.0E,34.3,15.1,-1.1,11.4,-9.9,1.47E+11,0.43
12/8/2013 3:10,32.8N,165.1W,23.5,11.8,2.3,2.5,-11.3,6.40E+10,0.2
11/21/2013 1:50,44.7N,35.3E,59.3,12.4,-5,-11,-2.7,7.50E+10,0.23
10/12/2013 16:06,19.1S,25.0W,22.2,12.8,-8,8.4,-5.5,1.61E+12,3.5
9/24/2013 15:31,10.3S,164.7W,40.7,,,,,1.60E+11,0.46
8/12/2013 18:08,34.4S,118.2E,66.6,,,,,4.40E+10,0.15
7/31/2013 3:50,31.8S,137.1E,29.1,17.8,17.7,-2.3,-0.1,6.90E+10,0.22
7/30/2013 2:36,50.2S,90.2E,25.6,18.8,15.9,-8.6,5.1,3.90E+11,1
7/27/2013 8:30,0.3N,156.2E,26.5,22.1,16,14.9,-3.3,1.20E+11,0.36
7/26/2013 11:32,21.0N,178.5W,37,,,,,2.00E+10,0.073
6/1/2013 22:49,65.6S,138.4E,28.9,,,,,3.40E+10,0.12
5/14/2013 23:20,3.0S,76.4E,,,,,,2.00E+10,0.073
4/30/2013 8:40,35.5N,30.7W,21.2,12.1,1,9,-8,5.11E+12,10
4/21/2013 6:23,28.1S,64.6W,40.7,14.9,5,14,1,1.07E+12,2.5
3/12/2013 10:32,32.7S,17.1E,26,,,,,2.90E+10,0.1
2/20/2013 13:13,23.0S,38.8W,,13.6,-11,-8,-1,3.20E+10,0.1
2/15/2013 3:20,54.8N,61.1E,23.3,18.6,12.8,-13.3,-2.4,3.75E+14,440
2/7/2013 13:12,18.8S,158.6W,,,,,,6.50E+10,0.21
1/25/2013 7:40,60.3N,64.6W,,,,,,3.40E+12,6.9
1/12/2013 3:04,15.1S,155.6W,36.1,,,,,4.80E+10,0.16
12/30/2012 7:25,17.3N,83.6W,,,,,,1.98E+11,0.55
11/20/2012 20:37,2.5N,29.6E,33.3,14.3,-12.2,-5.3,5.3,2.50E+10,0.089
11/20/2012 6:25,8.0S,86.0W,,,,,,1.20E+11,0.36
10/19/2012 16:26,75.4S,49.6E,29.3,13.2,-2.3,-3.9,12.4,2.30E+10,0.082
10/9/2012 0:54,51.2N,84.6W,27.8,13.5,3.4,12,5.1,2.10E+11,0.58
10/3/2012 22:50,41.5S,21.9W,,17,-2.4,5.5,15.9,2.80E+11,0.75
10/2/2012 16:38,8.1S,111.9W,35,15.4,1.4,15.3,1,4.70E+11,1.2
9/28/2012 5:44,6.9S,73.7E,,,,,,3.80E+10,0.13
9/18/2012 19:34,1.2N,52.2W,28.1,18.3,-1.9,14.1,-11.5,2.44E+11,0.67
9/11/2012 22:07,18.9S,105.2E,,,,,,5.20E+10,0.17
9/10/2012 1:03,69.8S,111.7W,23.8,16.9,-10.2,-5.2,12.4,2.30E+10,0.082
8/27/2012 6:57,18.3S,64.2E,38.7,28.9,-8,-23.7,-14.5,6.80E+10,0.22
8/26/2012 14:55,11.8N,117.0E,36,12.7,5,-11.6,-0.7,2.49E+11,0.68
7/27/2012 4:19,63.1N,172.3E,27.2,,,,,3.40E+10,0.12
7/25/2012 7:48,36.4N,41.5E,26.8,18.5,0.8,2,-18.4,1.33E+11,0.39
5/25/2012 11:31,41.8S,36.2W,,,,,,6.00E+10,0.19
5/15/2012 11:04,61.8S,135.5W,33.3,17.1,-0.8,1.1,17,1.32E+11,0.39
5/4/2012 21:54,76.7N,10.6W,,,,,,2.29E+11,0.63
4/23/2012 22:01,36.2N,107.4E,25.2,,,,,4.40E+10,0.15
4/21/2012 16:08,15.8S,174.8W,,,,,,1.43E+11,0.42
4/19/2012 22:12,5.5N,16.8E,,,,,,3.00E+10,0.1
4/2/2012 16:50,28.1N,95.2W,,,,,,3.20E+10,0.11
3/12/2012 6:40,2.5N,139.8E,25,11.8,0.1,-11.8,0.3,9.90E+10,0.3
3/3/2012 21:28,7.8N,2.7E,20.4,,,,,1.01E+11,0.31
3/1/2012 3:12,46.9N,29.8W,,,,,,2.20E+10,0.079
2/24/2012 19:11,22.7S,30.8E,,,,,,3.70E+10,0.13
2/17/2012 10:47,3.2S,39.9W,45.6,,,,,1.54E+11,0.44
2/12/2012 5:25,31.7S,54.9E,61,,,,,1.40E+11,0.41
2/4/2012 14:42,32.4N,0.1E,34.2,12.2,-3.9,10.9,4,1.50E+11,0.43
1/15/2012 12:26,64.1S,109.9E,26.3,12.3,-1.9,5.1,11,2.10E+10,0.076
1/11/2012 2:23,32.2N,88.5E,,,,,,8.50E+10,0.26
12/19/2011 11:35,30.2S,52.6E,36.1,,,,,1.35E+11,0.4
12/14/2011 5:01,62.9S,89.6E,32.4,,,,,5.00E+10,0.16
11/20/2011 5:25,27.9S,116.3E,,,,,,2.30E+10,0.082
10/12/2011 7:13,26.4S,78.4W,,,,,,3.60E+10,0.12
9/13/2011 23:36,19.9S,13.8W,21.3,16.7,-3.7,1.8,16.2,6.70E+10,0.21
8/31/2011 9:44,18.6N,5.1W,,,,,,2.70E+10,0.095
8/20/2011 20:01,27.2S,2.8W,,,,,,2.30E+10,0.082
8/4/2011 7:25,40.7S,86.7W,63,,,,,2.80E+10,0.098
7/27/2011 23:00,45.3S,63.5E,29.6,,,,,4.40E+10,0.15
7/5/2011 15:42,29.1N,139.7E,40.7,,,,,6.50E+10,0.21
7/4/2011 9:18,51.7S,175.0E,,,,,,2.90E+10,0.1
6/16/2011 11:51,67.3N,21.4W,40.5,,,,,2.40E+10,0.086
5/25/2011 5:40,4.1N,14.0E,59,11.6,-3.4,-10.8,2.4,2.28E+12,4.8
5/16/2011 13:39,1.2S,92.8E,,,,,,2.00E+10,0.073
4/27/2011 20:38,1.4N,126.6W,28.7,,,,,2.20E+11,0.61
4/6/2011 8:30,71.1N,43.5W,22.2,12.7,3.3,11.8,-3.5,1.48E+11,0.43
3/24/2011 20:23,0.6N,127.5W,59,,,,,5.80E+10,0.19
3/23/2011 4:16,16.8S,85.6W,,,,,,2.20E+10,0.079
3/1/2011 10:37,53.5N,103.9E,30.6,11.9,-6.7,-1.1,-9.8,3.70E+10,0.13
2/21/2011 5:07,26.3N,43.7E,44.4,18,10.3,-14.8,0.1,3.90E+10,0.13
2/12/2011 11:00,7.8N,95.3W,,,,,,2.00E+10,0.073
1/21/2011 15:11,18.9N,44.6W,61,,,,,7.20E+10,0.23
1/8/2011 19:38,33.3N,125.8W,48,,,,,2.90E+10,0.1
12/25/2010 23:24,38.0N,158.0E,26,18.1,18,-2,-4,2.00E+13,33
12/14/2010 0:27,4.9S,175.5E,24,,,,,3.90E+10,0.13
12/9/2010 2:54,54.5S,169.7W,66,,,,,6.30E+10,0.2
12/1/2010 6:31,72.5S,144.9E,33.3,,,,,1.33E+11,0.39
11/21/2010 14:45,1.9N,143.3E,50,,,,,8.10E+10,0.25
11/19/2010 7:25,10.3S,148.8E,30,,,,,3.30E+10,0.11
11/10/2010 8:26,74.5N,77.7W,,,,,,6.80E+10,0.22
11/9/2010 13:05,56.3S,16.7W,37,,,,,8.60E+10,0.27
11/9/2010 6:56,14.0S,160.0W,26,,,,,2.00E+10,0.073
10/27/2010 11:27,14.1S,67.7E,35.2,,,,,1.45E+11,0.42
9/24/2010 12:02,67.4S,50.6W,,,,,,5.00E+10,0.16
9/18/2010 5:04,7.4N,36.7E,,,,,,6.70E+10,0.21
9/8/2010 19:51,13.9S,65.5W,46.3,,,,,6.50E+10,0.21
9/5/2010 23:37,25.9S,49.0E,35.2,,,,,6.83E+11,1.7
9/3/2010 12:04,61.0S,146.7E,33.3,12.3,9.8,-3.5,6.5,1.75E+12,3.8
8/17/2010 4:19,20.7N,114.3W,33.3,,,,,2.10E+10,0.076
7/15/2010 1:49,60.9N,178.1W,,,,,,2.40E+10,0.086
7/6/2010 23:54,34.1S,174.5W,26,15.7,12.1,10,0.2,7.56E+12,14
6/26/2010 6:04,0.5S,133.2E,50,,,,,1.13E+11,0.34
6/21/2010 6:42,22.5S,120.9W,,,,,,1.63E+11,0.47
6/17/2010 4:24,26.1S,100.0E,42,,,,,1.19E+11,0.35
4/17/2010 2:21,13.1N,173.0W,,,,,,5.60E+10,0.18
4/16/2010 4:38,1.8N,176.9W,22.2,18.8,12.4,-13.2,-5.2,8.44E+11,2
4/6/2010 18:33,52.8N,146.5W,,,,,,8.00E+10,0.25
3/18/2010 16:11,32.4S,51.8W,,,,,,1.75E+11,0.5
3/14/2010 18:44,33.8N,90.2W,35.6,,,,,4.20E+10,0.14
3/8/2010 22:44,18.2N,110.1E,53,,,,,3.00E+10,0.1
3/8/2010 22:02,32.0N,92.9W,52,24.5,19.1,11,10.7,3.23E+11,0.85
2/28/2010 22:24,48.7N,21.0E,37,15.1,-11.7,2.7,-9.1,1.53E+11,0.44
2/26/2010 22:46,37.3S,166.0W,,,,,,2.37E+11,0.65
2/24/2010 19:55,2.6S,102.2W,,,,,,9.30E+10,0.28
1/15/2010 19:17,8.3S,27.0E,25,14,-9.1,6,8.8,4.92E+11,1.2
12/31/2009 12:50,37.9N,178.3W,20.7,,,,,1.02E+11,0.31
11/25/2009 1:36,52.8S,136.5E,,,,,,6.40E+10,0.2
11/21/2009 20:53,22.0S,29.2E,38,32.1,3,-17,27,1.00E+13,18
11/18/2009 7:07,40.4N,113.2W,31.5,,,,,7.36E+11,1.8
11/7/2009 11:31,45.5N,157.7W,,,,,,2.20E+10,0.079
11/7/2009 10:41,24.0N,64.1E,37,,,,,4.20E+10,0.14
10/11/2009 12:49,78.3S,70.2E,27.8,,,,,7.10E+10,0.22
10/8/2009 2:57,4.2S,120.6E,19.1,19.2,14,-16,-6,2.00E+13,33
9/27/2009 22:22,36.0S,67.6W,37,,,,,8.90E+10,0.27
9/18/2009 20:13,7.7N,29.5W,,,,,,1.44E+11,0.42
9/4/2009 2:23,42.5N,110.0E,28.3,24,19.2,-11.6,-8.5,9.65E+11,2.3
8/23/2009 21:17,67.7S,18.3E,34,12.2,-6.9,5.3,8.5,2.80E+11,0.75
7/31/2009 2:13,8.9N,121.9W,,,,,,2.50E+10,0.089
7/16/2009 6:39,24.4S,59.8W,32.2,,,,,7.27E+11,1.8
6/27/2009 13:08,26.6S,12.6W,26.1,15.2,-11.6,1.6,9.7,3.20E+10,0.11
6/18/2009 4:39,23.7S,16.0W,57.4,,,,,3.30E+10,0.11
6/9/2009 22:42,54.9N,152.7W,34.2,,,,,2.81E+11,0.76
5/31/2009 6:05,19.7N,121.0W,,,,,,1.43E+11,0.42
5/4/2009 11:39,36.4N,160.4W,40.7,,,,,1.40E+11,0.41
4/20/2009 4:01,6.0N,84.3E,,,,,,2.20E+10,0.079
4/10/2009 18:42,44.7S,25.7E,32.4,19.1,-18.9,2.6,0.3,2.70E+11,0.73
2/20/2009 12:15,64.9S,70.0W,,,,,,5.00E+10,0.16
2/7/2009 19:51,56.6N,69.8E,40,15.4,-2.4,-1.9,-15.1,1.60E+12,3.5
1/12/2009 22:24,47.8N,44.3W,,,,,,4.80E+10,0.16
1/10/2009 7:42,64.0S,122.8E,26.5,,,,,2.30E+10,0.082
12/24/2008 15:51,68.9S,102.0W,21.1,24.1,-13.4,18,8.8,3.50E+10,0.12
12/12/2008 11:36,7.0S,9.7W,50,,,,,2.16E+11,0.6
11/24/2008 22:01,57.9S,146.1E,34.8,23.7,21.5,10,0.4,1.46E+11,0.42
11/21/2008 0:26,53.1N,109.9W,28.2,12.9,3.9,-4.1,-11.6,1.42E+11,0.41
11/18/2008 9:41,29.4S,75.9E,35.2,22.4,-4,-15.2,-16,2.50E+10,0.089
11/9/2008 2:38,14.5N,112.7E,29.6,,,,,2.22E+11,0.61
10/21/2008 2:20,32.8N,165.6W,29.6,11.3,9.6,5.8,1.5,4.60E+10,0.15
10/10/2008 9:34,57.3S,17.0E,21.4,,,,,1.80E+11,0.51
10/7/2008 2:45,20.9N,31.4E,38.9,13.3,-9,9,3.8,3.95E+11,1
8/16/2008 14:40,11.3N,97.2E,,,,,,1.31E+11,0.38
8/12/2008 11:44,11.6S,175.0W,,,,,,2.00E+10,0.073
8/7/2008 6:07,18.5N,180.0E,45.4,13.8,6.5,-12.1,1.7,4.10E+10,0.14
7/23/2008 14:45,38.6N,68.0E,31.5,14.5,-7.7,-8.2,-9.1,1.21E+11,0.36
7/22/2008 19:34,17.8S,89.2W,54.4,,,,,6.10E+10,0.2
7/8/2008 15:55,72.8N,147.3E,52.2,21.7,-12.9,1.9,-17.4,6.60E+10,0.21
7/1/2008 17:40,37.1N,115.7W,36.1,9.8,2.8,1.7,-9.2,3.60E+10,0.12
6/27/2008 2:01,26.9S,17.7W,33.7,23.1,-17.9,13,6.6,1.72E+11,0.49
6/18/2008 13:45,6.1N,103.1E,,,,,,2.10E+10,0.076
5/29/2008 21:23,15.7N,83.5W,,,,,,2.10E+10,0.076
5/24/2008 10:18,0.8N,162.0E,37,14.2,7.9,3.1,11.4,1.50E+11,0.43
5/22/2008 20:50,46.9N,134.5E,,,,,,2.10E+10,0.076
4/30/2008 1:18,33.6S,35.1W,,,,,,2.00E+10,0.073
3/15/2008 11:29,28.0N,41.5W,26.7,12.9,-4.1,4.8,-11.2,5.00E+10,0.16
2/19/2008 13:30,48.9N,119.8W,,,,,,2.00E+10,0.073
2/17/2008 12:19,74.9N,73.4W,40.4,13.9,-5.8,-10.7,-6.7,1.10E+11,0.33
1/9/2008 3:53,66.8S,67.3W,31.5,11.6,4.3,5.7,9.1,4.10E+10,0.14
12/26/2007 6:46,61.6S,158.9W,,,,,,1.36E+11,0.4
12/20/2007 17:00,51.3N,115.4E,,,,,,1.22E+11,0.36
10/25/2007 19:35,40.9S,91.3E,46.3,,,,,5.80E+10,0.19
10/12/2007 9:14,88.5N,116.6E,37,18.4,-4.5,-14.1,-10.9,3.30E+10,0.11
10/7/2007 13:31,35.2S,125.6E,,,,,,5.80E+10,0.19
9/22/2007 17:57,49.2S,85.5W,30.2,16.9,-9.2,13.6,3.8,2.37E+11,0.65
6/11/2007 9:47,23.4S,170.9W,35.2,17,16.7,-2.1,-2.2,4.90E+10,0.16
6/8/2007 13:32,52.0S,175.3E,38.9,,,,,2.35E+11,0.65
6/7/2007 21:28,21.9N,53.1E,29.6,,,,,3.10E+10,0.11
5/16/2007 16:20,4.5S,111.7E,,,,,,3.80E+10,0.13
5/16/2007 4:45,42.4S,164.0E,31.5,,,,,4.00E+11,1
5/4/2007 17:52,22.9N,109.4E,48,,,,,1.75E+11,0.5
4/18/2007 12:44,83.7S,171.2W,38,24.4,-5.3,-2.5,23.7,1.12E+11,0.33
3/17/2007 6:48,7.1N,4.1E,32.5,14.5,-7.3,-1.9,-12.4,4.00E+10,0.13
3/15/2007 2:20,44.1S,148.4W,,,,,,2.50E+10,0.089
2/2/2007 12:48,24.0N,37.2W,35.5,,,,,3.40E+11,0.89
1/26/2007 22:22,3.7N,99.7E,,,,,,1.47E+11,0.43
1/22/2007 7:24,45.4N,53.5E,32,13.4,-3.3,-12.8,-1.9,7.60E+10,0.24
1/18/2007 13:51,5.3N,164.3W,34.1,,,,,3.20E+10,0.11
1/17/2007 9:50,8.7S,50.8E,33.3,,,,,5.48E+11,1.4
1/1/2007 11:43,44.4N,116.5E,53,,,,,3.60E+10,0.12
12/9/2006 6:31,26.2N,26.0E,26.5,15.9,4.9,-15,1.6,7.41E+12,14
12/7/2006 11:42,14.0N,140.0W,,,,,,2.10E+10,0.076
12/1/2006 6:09,13.0S,30.7E,,,,,,6.30E+10,0.2
11/13/2006 15:16,44.0S,43.3E,,,,,,2.30E+10,0.082
10/24/2006 8:42,1.9S,2.7W,43,,,,,2.25E+11,0.62
10/14/2006 18:10,49.4N,175.0W,44.4,23.9,4.9,23.4,-1,2.58E+11,0.7
10/9/2006 4:45,47.0S,78.9E,22.2,,,,,4.10E+10,0.14
10/7/2006 12:18,23.0S,61.8W,40.7,,,,,4.10E+10,0.14
10/2/2006 19:10,14.0N,53.1E,42,,,,,9.00E+10,0.28
9/27/2006 8:33,32.0S,60.2E,48.1,,,,,1.07E+11,0.32
9/23/2006 18:52,29.0S,108.0W,,,,,,1.21E+11,0.36
9/2/2006 4:26,14.0S,109.1E,44.1,14.2,10,-9.9,1.5,1.23E+12,2.8
8/29/2006 1:38,44.0S,162.0W,40.7,,,,,9.20E+10,0.28
8/18/2006 0:03,43.0S,33.4E,47.2,,,,,3.20E+10,0.11
8/17/2006 10:43,11.0S,165.7E,48.2,,,,,2.56E+11,0.7
8/15/2006 10:52,4.9N,49.6E,32.7,,,,,4.70E+10,0.16
8/9/2006 4:30,23.1S,53.7E,37,,,,,1.02E+12,2.4
7/15/2006 23:55,78.3S,5.0W,29.6,12.4,0.1,2,12.2,8.50E+10,0.26
7/15/2006 15:22,31.1N,45.6E,38.9,30.2,9.2,-1.2,-28.7,1.63E+11,0.47
6/7/2006 0:06,69.2N,22.5E,40.7,19.6,6.1,4.6,-18,5.90E+10,0.19
5/21/2006 7:51,11.6S,25.5W,,,,,,2.63E+11,0.71
5/6/2006 15:39,60.2S,152.3W,35.2,,,,,1.28E+11,0.38
4/8/2006 13:16,17.3N,113.2W,33.3,,,,,1.27E+11,0.37
4/4/2006 11:30,26.6N,26.6W,25,,,,,2.40E+12,5
3/14/2006 3:21,7.0N,64.6W,35.2,,,,,1.44E+11,0.42
2/6/2006 1:57,54.5S,18.1E,35.2,,,,,1.19E+12,2.7
2/4/2006 8:38,36.9N,143.6W,38.9,19.8,-8.8,3.4,-17.4,1.00E+11,0.3
1/28/2006 3:33,51.7S,56.4E,37,18.7,8.4,-16.4,3.2,7.40E+11,1.8
1/27/2006 1:27,58.7N,74.7E,20,,,,,4.50E+10,0.15
1/26/2006 0:00,79.8S,111.0W,37,,,,,5.30E+10,0.17
1/10/2006 23:25,29.8N,12.7W,32.4,16.9,-9.9,-6.3,-12.2,2.80E+10,0.098
1/8/2006 5:20,7.6N,28.2W,,,,,,9.40E+10,0.29
12/29/2005 10:05,3.0S,154.9W,42.2,20.7,18.6,8.5,3.2,1.90E+11,0.53
12/24/2005 15:30,54.0S,17.3E,66,,,,,1.81E+11,0.51
12/3/2005 12:45,33.8S,117.4E,32.2,17,-12.1,-9.6,7.2,8.80E+10,0.27
12/1/2005 10:40,6.4S,155.8W,,,,,,3.20E+10,0.11
11/29/2005 7:33,7.6N,58.2W,59.3,,,,,3.20E+10,0.11
11/15/2005 5:19,26.3N,113.4W,32.4,,,,,2.50E+10,0.089
11/11/2005 20:34,21.4N,134.1W,29.6,,,,,4.20E+10,0.14
11/9/2005 7:33,31.0S,145.9E,30.7,13.8,13.5,-2.7,-0.7,7.30E+10,0.23
11/2/2005 7:04,33.9N,154.9W,68.5,,,,,3.20E+10,0.11
11/2/2005 5:16,22.9N,123.8W,74,,,,,6.70E+10,0.21
10/26/2005 21:30,36.3S,80.5W,16.7,,,,,1.38E+11,0.4
9/30/2005 19:04,2.8S,84.1W,53,,,,,2.20E+10,0.079
9/14/2005 1:08,11.6N,27.3E,33.3,,,,,2.50E+10,0.089
9/2/2005 7:59,13.5N,73.1E,,,,,,8.20E+10,0.25
8/9/2005 14:35,21.5S,56.2E,37,16.9,-16.3,4.3,1.4,2.50E+10,0.089
7/1/2005 22:36,49.8S,33.1E,50,,,,,3.10E+10,0.11
6/18/2005 19:40,47.9N,85.6E,,,,,,2.30E+10,0.082
6/5/2005 1:56,34.8N,90.9E,,,,,,4.10E+10,0.14
6/3/2005 8:15,31.0S,90.3W,29.6,26.2,-1.5,25.3,6.7,8.20E+10,0.25
5/27/2005 14:12,48.9S,145.1E,50.5,,,,,2.00E+10,0.073
5/7/2005 9:31,75.8S,163.7E,15.2,16.6,9.6,-9.7,9.4,2.60E+10,0.092
5/2/2005 20:10,17.7N,36.0E,,,,,,4.60E+10,0.15
4/22/2005 11:18,20.9N,36.7W,37,,,,,2.20E+10,0.079
4/19/2005 7:37,50.2S,146.4W,38.5,16.8,9.3,13.8,2.5,2.32E+11,0.64
4/15/2005 6:54,43.8S,73.9W,39,,,,,2.10E+10,0.076
4/14/2005 14:05,4.9N,176.0W,26.5,,,,,7.10E+10,0.22
4/11/2005 5:20,34.2S,95.7W,37,,,,,1.06E+11,0.32
4/6/2005 1:30,42.7S,154.6E,70,,,,,2.90E+10,0.1
4/3/2005 1:45,1.0S,112.4E,59.2,,,,,2.19E+11,0.61
4/2/2005 22:52,14.1N,169.7E,27.2,,,,,2.04E+11,0.57
3/31/2005 22:15,42.8N,36.2W,,,,,,3.80E+10,0.13
3/18/2005 16:48,9.7S,34.7W,33,,,,,2.70E+10,0.095
3/9/2005 15:47,21.4S,157.9W,44.4,,,,,5.30E+10,0.17
3/9/2005 12:49,14.3N,142.7E,30.7,,,,,4.00E+10,0.13
2/17/2005 22:52,48.0N,161.5W,42.5,,,,,1.00E+11,0.3
1/19/2005 1:43,27.5S,164.9W,40.7,,,,,1.41E+11,0.41
1/2/2005 23:09,21.3S,154.7E,35.2,21.5,20.2,-3.3,6.6,1.19E+11,0.35
1/1/2005 3:44,32.7N,12.4E,31.8,,,,,4.54E+11,1.2
12/29/2004 7:11,8.5S,171.8E,,,,,,9.00E+10,0.28
12/13/2004 11:35,9.7S,155.3E,,,,,,3.90E+10,0.13
12/11/2004 15:36,36.0N,104.1E,,,,,,3.00E+10,0.1
11/30/2004 8:32,61.0N,171.0W,,,,,,1.81E+11,0.51
10/7/2004 13:14,27.3S,71.5E,35,19.2,-15.3,1,11.6,1.04E+13,18
10/4/2004 4:39,3.7N,150.9W,,,,,,7.10E+10,0.22
9/28/2004 8:57,0.2N,101.1W,,,,,,6.20E+10,0.2
9/3/2004 12:07,67.7S,18.2E,31.5,,,,,7.26E+12,13
8/22/2004 10:01,51.9S,22.7E,37,,,,,1.44E+12,3.2
6/12/2004 7:13,21.7N,175.3E,,,,,,1.04E+11,0.31
6/5/2004 20:34,1.3N,174.4W,43,19.5,9.4,17,-1.5,1.81E+12,3.9
6/3/2004 9:40,48.9N,120.4W,,,,,,5.40E+10,0.18
5/18/2004 11:12,28.1S,47.4W,,,,,,3.94E+11,1
5/17/2004 2:08,18.9S,28.3E,44,,,,,5.50E+10,0.18
4/22/2004 21:19,15.2S,55.1E,,,,,,1.39E+11,0.41
4/22/2004 4:21,44.3S,83.3E,29.6,16.3,8.5,-12.1,-6.8,6.24E+11,1.5
4/6/2004 3:24,12.0S,162.8E,35,25.6,10.5,-23.2,-2.9,4.33E+11,1.1
3/26/2004 16:35,7.6S,155.1E,46,,,,,2.40E+10,0.086
3/25/2004 9:39,4.8S,21.0E,,,,,,2.10E+10,0.076
2/2/2004 18:52,18.3S,52.3E,,,,,,3.00E+10,0.1
1/22/2004 1:06,50.6S,157.8E,37,,,,,2.32E+11,0.64
1/2/2004 4:27,28.2S,3.2E,63,,,,,1.34E+11,0.39
12/9/2003 22:36,67.1S,90.8W,,,,,,6.43E+11,1.6
11/26/2003 2:00,22.9S,22.7E,32,,,,,3.50E+10,0.12
11/10/2003 13:54,64.5S,136.2E,23,20.1,14.8,-8.7,10.4,5.18E+11,1.3
11/1/2003 14:09,51.4S,151.7E,,,,,,7.30E+10,0.23
9/27/2003 12:59,21.0N,86.6E,26,18.2,-1,-5.4,-17.3,2.15E+12,4.6
9/2/2003 20:00,51.3N,161.0W,,,,,,3.85E+11,1
8/17/2003 13:16,39.0S,34.0E,,,,,,6.47E+11,1.6
6/10/2003 14:11,41.8S,122.9E,,,,,,3.20E+10,0.11
5/27/2003 23:32,5.2N,166.2E,,,,,,6.80E+10,0.22
5/15/2003 6:28,54.0N,80.4W,,,,,,4.30E+10,0.14
4/13/2003 17:58,14.8N,64.5E,17,,,,,1.75E+11,0.5
4/7/2003 9:25,18.4S,162.6E,,,,,,2.20E+10,0.079
3/27/2003 5:50,41.4N,87.7W,45,,,,,1.42E+11,0.41
2/25/2003 23:13,40.0N,116.0E,,,,,,3.30E+10,0.11
2/12/2003 2:37,31.5S,107.5E,,,,,,1.20E+11,0.36
2/6/2003 17:00,62.9S,113.9W,,,,,,1.97E+11,0.55
2/4/2003 14:07,59.9S,41.0E,,,,,,1.35E+11,0.4
11/21/2002 0:11,1.4S,154.0W,,,,,,2.40E+11,0.66
11/12/2002 21:49,21.1S,6.8W,,,,,,4.30E+10,0.14
11/10/2002 22:13,16.0N,166.0W,,,,,,4.60E+11,1.2
10/9/2002 12:00,4.3S,175.9W,,,,,,4.90E+10,0.16
9/24/2002 16:48,57.9N,112.9E,,,,,,8.60E+11,2
8/14/2002 7:48,6.9S,126.2W,,,,,,9.00E+10,0.28
8/11/2002 20:42,18.2S,159.4E,,,,,,1.51E+12,3.3
7/25/2002 15:57,28.7S,47.0E,,,,,,2.30E+11,0.63
7/22/2002 11:16,34.0N,106.1E,,,,,,5.30E+10,0.17
6/13/2002 15:29,24.9S,111.4E,,,,,,1.91E+11,0.54
6/2/2002 4:28,34.0N,21.0E,,,,,,4.50E+12,8.8
4/3/2002 19:10,5.3S,27.1E,,,,,,1.82E+11,0.51
3/18/2002 14:44,60.4S,120.5W,,,,,,2.00E+10,0.073
3/9/2002 1:20,6.9N,147.3W,,,,,,2.49E+11,0.68
3/3/2002 21:10,37.5N,154.0E,,,,,,8.20E+10,0.25
3/1/2002 3:53,29.2N,66.8W,,,,,,3.80E+10,0.13
2/9/2002 19:50,17.7S,138.7E,,,,,,7.00E+10,0.22
2/1/2002 19:07,60.7N,116.6E,,,,,,7.00E+10,0.22
1/20/2002 16:42,48.4N,165.0W,,,,,,1.04E+11,0.31
10/27/2001 19:20,52.7N,3.8E,,,,,,3.60E+10,0.12
7/26/2001 21:20,0.4N,84.8E,,,,,,3.26E+11,0.86
7/23/2001 22:19,41.0N,77.0W,,,,,,1.24E+12,2.8
4/23/2001 6:12,28.0N,133.6W,29,,,,,4.60E+12,9
4/13/2001 0:29,15.3S,162.4E,,,,,,2.51E+11,0.68
2/4/2001 5:53,64.0S,97.3E,,,,,,1.51E+11,0.44
1/28/2001 16:19,66.0N,31.3E,,,,,,1.08E+11,0.32
12/15/2000 13:22,41.3N,95.2E,,,,,,2.62E+11,0.71
12/15/2000 3:46,50.4N,58.9E,,,,,,2.70E+10,0.095
11/13/2000 0:28,13.6S,5.8W,,,,,,6.60E+10,0.21
11/6/2000 7:18,52.0S,22.2W,,,,,,6.90E+10,0.22
10/11/2000 23:29,31.7S,5.5W,,,,,,8.10E+10,0.25
9/23/2000 4:00,58.5S,142.6E,,,,,,2.20E+10,0.079
9/19/2000 22:12,3.2S,133.8W,,,,,,8.90E+10,0.27
8/25/2000 1:12,14.5N,106.1W,,,,,,1.39E+12,3.1
8/13/2000 3:00,36.7N,127.8W,,,,,,6.50E+10,0.21
8/1/2000 16:48,50.2S,101.9W,,,,,,1.82E+11,0.51
7/31/2000 7:06,15.7N,138.5W,,,,,,3.80E+10,0.13
7/19/2000 17:40,17.7S,94.1E,,,,,,1.07E+11,0.32
7/7/2000 1:34,15.0N,140.7E,,,,,,6.50E+10,0.21
6/27/2000 10:06,34.9N,36.8E,,,,,,2.70E+10,0.095
6/23/2000 9:03,69.2N,44.0W,,,,,,2.00E+10,0.073
6/22/2000 20:02,32.9N,159.0E,,,,,,3.00E+10,0.1
6/14/2000 16:39,28.1N,107.3E,48,,,,,1.45E+11,0.42
6/3/2000 3:24,36.8N,74.8W,,,,,,3.00E+10,0.1
6/2/2000 18:44,27.5S,18.9W,,,,,,3.00E+10,0.1
5/6/2000 11:51,49.9N,18.4E,,,,,,2.80E+10,0.098
5/3/2000 10:40,5.0S,73.0E,,,,,,5.90E+10,0.19
3/28/2000 15:27,1.0N,98.3E,,,,,,6.30E+10,0.2
3/6/2000 8:29,58.0N,175.0E,,,,,,9.60E+11,2.2
2/18/2000 9:25,0.9S,109.2E,,,,,,3.62E+12,7.3
2/17/2000 14:22,14.2N,115.9E,,,,,,2.20E+10,0.079
1/18/2000 16:43,60.3N,134.6W,,,,,,1.05E+12,2.4
1/18/2000 8:33,24.3N,94.9W,,,,,,3.50E+10,0.12
12/16/1999 0:07,26.5S,11.3W,,,,,,6.70E+10,0.21
11/15/1999 20:01,8.1S,75.4E,,,,,,7.40E+10,0.23
11/7/1999 17:53,2.3S,77.4W,,,,,,8.90E+10,0.27
10/26/1999 17:19,13.7N,70.8W,,,,,,8.60E+10,0.27
9/8/1999 23:55,22.4N,0.2E,,,,,,2.80E+10,0.098
9/8/1999 14:41,32.5N,104.6E,32,,,,,9.00E+10,0.28
8/16/1999 5:18,35.0N,107.2W,,,,,,3.60E+10,0.12
8/3/1999 18:25,64.7S,18.8W,,,,,,3.56E+11,0.93
7/10/1999 8:11,37.8S,39.6E,52,,,,,3.26E+11,0.86
7/7/1999 4:14,39.5S,174.4E,,,,,,1.40E+11,0.41
6/25/1999 6:27,50.0N,121.0E,69,,,,,1.24E+11,0.37
5/23/1999 7:02,16.4S,116.3W,,,,,,2.60E+10,0.092
4/26/1999 11:33,22.5S,6.5E,,,,,,9.20E+10,0.28
4/26/1999 9:49,32.8S,159.1E,,,,,,3.30E+10,0.11
3/31/1999 23:54,17.9S,22.6E,,,,,,2.34E+11,0.64
3/28/1999 15:37,0.8N,97.6E,,,,,,3.04E+11,0.81
3/2/1999 22:23,18.9N,50.5E,,,,,,5.90E+10,0.19
2/18/1999 23:15,54.9S,64.6W,,,,,,1.54E+11,0.44
2/1/1999 14:24,80.0N,154.2E,,,,,,2.80E+10,0.098
1/19/1999 2:32,7.9N,85.8E,,,,,,2.40E+10,0.086
1/14/1999 8:06,44.0S,129.7W,32,,,,,5.06E+12,9.8
1/2/1999 18:25,47.0N,103.0E,65,,,,,3.50E+10,0.12
11/23/1998 20:20,82.3N,160.1E,,,,,,2.50E+10,0.089
11/11/1998 16:46,6.5N,156.4E,,,,,,6.56E+11,1.6
9/1/1998 11:15,34.6N,23.6E,,,,,,2.40E+10,0.086
3/22/1998 22:25,1.4N,26.6E,,,,,,1.40E+11,0.41
1/4/1998 23:00,35.1S,33.4E,30,17.1,6,-10.6,12,7.40E+10,0.23
12/28/1997 3:58,23.1S,152.4E,,,,,,3.10E+10,0.11
12/9/1997 8:15,62.7N,49.9W,,,,,,2.70E+11,0.73
11/7/1997 7:46,57.3S,167.2E,,,,,,8.00E+11,1.9
10/9/1997 18:47,31.8N,106.0W,37,,,,,1.90E+11,0.53
10/1/1997 14:26,46.7N,108.9E,,,,,,6.20E+10,0.2
9/30/1997 12:31,38.1S,63.9E,,,,,,2.30E+10,0.082
9/5/1997 11:41,31.1S,56.4E,,,,,,1.90E+11,0.53
7/4/1997 12:22,15.8S,175.8W,,,,,,2.70E+10,0.095
4/27/1997 22:34,16.7N,87.5E,,,,,,3.25E+11,0.86
2/19/1997 4:31,16.3S,87.7W,,,,,,1.40E+11,0.41
2/15/1997 15:23,35.5N,115.6E,,,,,,1.50E+11,0.43
1/23/1997 10:03,15.0S,94.2E,,,,,,2.70E+11,0.73
1/22/1997 21:13,32.2N,29.0E,,,,,,4.80E+11,1.2
1/4/1997 6:46,25.7N,5.3W,,,,,,4.30E+10,0.14
12/17/1996 4:16,34.1N,37.2W,,,,,,4.10E+10,0.14
10/30/1996 12:48,2.1S,123.1W,,,,,,2.10E+10,0.076
10/28/1996 4:46,27.4N,79.4W,,,,,,4.30E+10,0.14
10/23/1996 8:28,47.3S,20.6E,,,,,,4.40E+10,0.15
10/19/1996 19:01,29.7N,34.7W,,,,,,1.30E+11,0.38
10/5/1996 19:21,49.6S,145.9E,,,,,,2.50E+11,0.68
7/17/1996 3:16,31.8N,111.4E,,,,,,5.00E+10,0.16
7/12/1996 14:04,20.7N,93.6W,,,,,,3.20E+10,0.11
3/30/1996 4:03,31.1S,84.3W,,,,,,1.20E+11,0.36
3/29/1996 20:30,21.5N,158.1W,,,,,,1.28E+11,0.38
2/15/1996 2:38,76.0N,127.0W,,,,,,5.00E+10,0.16
1/15/1996 13:44,59.8S,175.8E,,,,,,2.60E+11,0.71
12/22/1995 13:26,70.2S,73.3W,,,,,,4.50E+11,1.1
12/9/1995 19:54,2.9S,79.0W,,,,,,1.20E+11,0.36
8/5/1995 17:14,11.6N,104.3W,,,,,,2.00E+11,0.56
7/11/1995 18:38,28.5S,93.3E,,,,,,1.30E+11,0.38
7/9/1995 18:20,0.9S,66.3E,,,,,,2.50E+10,0.089
7/7/1995 17:33,40.2N,76.1W,,,,,,1.40E+11,0.41
2/16/1995 13:05,16.7N,141.7W,,,,,,6.00E+10,0.19
1/18/1995 10:17,51.5N,115.4E,,,,,,7.00E+10,0.22
12/16/1994 9:41,42.2S,27.6E,,,,,,5.00E+10,0.16
11/3/1994 20:01,6.5N,89.0E,,,,,,2.35E+12,5
11/1/1994 6:50,1.5S,84.5W,,,,,,1.00E+12,2.3
10/20/1994 0:11,45.2S,1.9W,,,,,,8.70E+10,0.27
6/15/1994 0:02,45.0N,73.5W,,,,,,4.10E+10,0.14
5/29/1994 9:30,52.8N,2.3E,,,,,,3.84E+11,1
2/1/1994 22:38,2.7N,164.1E,,,,,,1.82E+13,30
11/29/1993 17:48,26.5N,78.3E,,,,,,2.60E+10,0.092
10/31/1993 3:39,51.3N,100.9W,,,,,,4.00E+10,0.13
10/4/1991 9:22,78.7N,6.3E,,,,,,5.50E+11,1.4
10/1/1990 3:51,7.5N,142.8E,,,,,,2.50E+12,5.2
